{"cameraMode":{"drawMode":0,"name":"Shaded","section":"Shading Mode"},"sceneLighting":true,"audioPlay":false,"sceneViewState":{"showFog":true,"showMaterialUpdate":false,"showSkybox":true,"showFlares":true,"showImageEffects":true,"showParticleSystems":true,"showVisualEffectGraphs":true,"m_FxEnabled":true},"in2DMode":false,"pivot":{"x":0.0005017717485316098,"y":-0.20373249053955079,"z":-0.00884969998151064},"rotation":{"x":0.0004284256137907505,"y":-0.7085807919502258,"z":0.7056282758712769,"w":0.0004299329302739352},"size":1.183204174041748,"orthographic":false}